,P1,C1,A1,P2,C2,A2,P3,C3,A3,P4,C4,A3,VOTED
0,11,73,16,15,55,30,62,1,37,42,31,27,3
1,7,74,19,17,25,57,55,1,45,37,10,53,2
2,9,28,63,48,33,19,6,27,67,60,15,25,3
3,23,35,42,14,74,13,6,80,14,27,27,46,4
4,69,3,28,5,48,46,67,31,2,45,13,42,2
5,50,37,13,47,34,19,49,12,39,32,34,34,3
6,42,7,51,26,59,15,31,34,34,70,29,1,1
7,12,37,51,51,3,46,63,6,31,50,31,20,1
8,30,32,38,38,36,26,36,29,35,39,9,52,4
9,38,52,9,20,21,58,58,17,25,13,53,34,2
10,34,56,10,19,56,25,17,43,40,27,46,28,3
11,25,36,38,80,8,12,42,25,33,7,20,72,4
12,6,62,32,17,46,37,49,25,27,47,12,42,4
13,52,15,32,92,7,1,28,20,52,53,7,40,3
14,54,9,37,36,9,55,47,36,17,26,72,2,2
15,51,5,44,46,39,15,30,26,44,55,10,35,1
16,44,26,29,73,11,16,30,12,58,3,55,42,3
17,11,11,79,29,42,29,21,47,32,45,53,2,1
18,16,46,39,10,33,57,44,53,3,23,40,38,2
19,15,42,43,9,17,74,51,44,4,36,26,38,2
20,41,43,16,40,6,54,38,40,21,18,39,42,2
21,60,22,19,62,10,28,71,5,24,7,33,60,4
22,70,13,17,4,93,3,38,36,26,40,19,42,4
23,49,18,33,19,56,25,46,52,2,6,59,35,4
24,41,33,26,35,14,51,43,49,8,25,20,54,4
25,38,21,41,70,20,10,18,58,23,40,1,59,4
26,10,9,81,5,40,55,41,32,27,27,31,42,1
27,42,38,20,48,21,31,29,44,27,27,58,14,2
28,18,49,33,31,34,35,56,9,35,39,39,22,2
29,45,49,6,17,43,40,33,39,28,39,55,6,2
30,11,49,40,38,30,32,11,41,48,30,63,6,3
31,31,48,21,36,61,3,88,8,4,34,35,32,4
32,28,57,15,33,51,15,26,31,43,9,38,53,4
33,59,4,37,48,12,40,11,37,52,53,13,34,3
34,69,19,11,55,3,42,21,30,48,35,18,47,3
35,10,65,26,53,40,7,56,10,34,18,48,34,3
36,12,63,25,27,27,45,27,27,46,40,30,30,3
37,61,33,6,34,44,23,6,81,13,17,37,46,4
38,10,47,43,2,36,61,11,20,69,14,60,26,3
39,23,43,34,11,56,33,44,38,19,22,68,10,1
40,9,54,37,18,54,28,47,30,23,3,17,80,4
41,18,40,42,10,18,72,37,46,17,44,48,8,2
42,33,33,33,72,16,12,24,34,42,38,15,48,4
43,66,33,1,1,47,52,40,30,29,20,53,27,2
44,7,72,21,76,9,14,20,32,48,26,29,44,3
45,28,28,44,37,37,25,28,60,11,30,34,36,1
46,81,2,17,17,16,67,35,18,47,28,47,25,2
47,81,14,5,42,19,39,35,8,56,39,23,38,3
48,28,42,30,37,36,27,19,42,39,32,28,40,4
49,15,54,32,46,29,25,31,42,27,9,28,63,4
50,17,69,15,75,15,11,2,13,85,48,10,42,3
51,2,60,38,58,31,10,32,66,2,25,47,29,1
52,46,5,49,38,48,14,43,45,12,57,27,15,1
53,79,3,19,8,65,27,24,28,49,54,12,34,3
54,42,28,30,30,36,34,28,54,18,2,40,57,4
55,38,39,23,42,48,10,55,18,27,53,14,33,4
56,51,34,15,60,1,39,28,67,6,49,21,30,2
57,25,34,41,19,32,49,37,18,45,62,32,7,2
58,11,33,56,84,9,6,18,30,52,38,13,49,1
59,33,27,40,9,30,61,44,12,44,32,58,10,2
60,9,34,57,47,15,38,20,65,14,38,35,27,1
61,45,32,23,49,38,12,22,68,10,45,35,20,1
62,39,49,12,34,52,14,43,31,25,64,19,17,3
63,19,36,45,22,16,62,0,20,79,60,15,25,3
64,56,37,8,17,24,60,38,22,40,2,47,51,2
65,33,30,37,46,44,10,35,40,25,64,35,1,1
66,19,19,63,28,53,19,66,14,20,41,32,26,1
67,48,39,13,4,50,46,47,32,21,27,59,14,2
68,3,77,20,35,51,14,48,43,9,41,38,21,4
69,25,56,20,64,3,33,31,52,17,36,40,23,2
70,54,17,29,37,23,40,21,3,76,31,46,23,3
71,38,33,29,40,48,12,42,8,51,24,42,33,3
72,39,39,21,60,0,40,1,54,45,48,6,47,4
73,59,37,4,7,35,58,31,30,39,17,26,57,2
74,62,10,28,36,49,15,30,17,53,73,20,6,3
75,28,52,19,53,11,36,60,10,30,12,30,58,4
76,54,11,35,73,6,22,52,11,38,3,87,10,3
77,48,28,24,40,45,15,69,2,29,14,65,21,3
78,26,38,36,53,13,34,32,28,40,42,6,52,4
79,24,28,48,32,20,47,54,24,21,47,8,46,1
80,51,28,22,8,25,67,69,12,19,63,32,5,2
81,15,4,82,33,32,35,58,3,39,32,59,9,1
82,21,33,46,16,49,35,67,18,16,34,57,9,1
83,27,25,48,13,41,47,15,48,37,36,39,25,1
84,35,36,29,61,16,24,41,8,50,28,22,50,3
85,48,29,23,47,26,27,46,38,16,44,33,23,2
86,43,43,14,55,11,34,14,73,13,48,5,47,4
87,27,9,64,25,18,57,9,30,61,33,38,29,1
88,4,10,85,33,9,58,56,28,16,69,1,30,1
89,35,28,37,54,7,40,20,40,40,74,9,17,2
90,79,20,1,47,52,1,26,39,35,20,72,8,3
91,31,18,51,16,41,43,55,10,35,33,35,32,1
92,4,47,49,0,53,47,2,41,57,80,18,2,3
93,43,26,31,15,68,17,30,32,38,41,37,21,3
94,9,39,51,7,51,41,43,39,18,47,33,21,1
95,37,40,22,9,86,5,32,20,48,50,46,5,3
96,39,21,40,50,19,30,32,35,33,18,34,48,4
97,31,32,37,35,37,27,31,29,41,76,9,15,3
98,8,70,22,23,76,1,36,35,29,30,49,20,3
99,17,59,24,48,40,12,3,73,24,24,48,27,4
100,40,16,44,38,27,34,15,64,20,5,25,70,4
101,8,31,61,1,45,54,48,46,6,45,3,52,1
102,1,37,61,41,8,51,6,55,39,65,4,31,1
103,35,16,49,55,15,30,58,37,5,21,4,75,4
104,34,51,15,29,39,32,8,8,84,23,37,39,3
105,16,14,70,42,26,32,10,86,4,31,33,36,1
106,26,33,41,32,35,33,13,37,50,44,38,18,3
107,47,11,43,50,32,18,36,13,50,53,24,23,3
108,51,10,39,15,45,40,48,17,35,48,11,41,4
109,63,13,24,42,19,38,34,31,35,33,22,45,4
110,50,26,25,5,43,51,40,32,29,47,37,16,2
111,60,11,28,27,52,21,19,30,51,21,52,27,3
112,59,11,30,40,28,33,38,45,17,86,2,12,2
113,35,37,28,35,44,21,36,42,22,25,26,49,4
114,51,31,19,43,24,33,25,24,51,29,30,41,3
115,2,22,76,13,16,71,30,17,53,64,34,1,1
116,56,27,18,18,35,47,43,11,47,43,41,16,2
117,56,28,16,1,37,62,5,44,51,33,39,28,2
118,0,31,68,33,29,39,5,56,39,16,46,38,1
119,46,15,39,15,79,6,72,5,23,17,74,9,1
120,54,14,31,34,54,11,60,10,30,27,45,28,1
121,31,31,38,0,68,32,56,27,17,35,30,35,1
122,51,24,26,39,34,26,54,28,19,17,51,32,4
123,27,38,35,39,60,0,48,29,23,60,17,24,1
124,12,37,51,23,52,25,29,41,30,3,24,74,4
125,17,17,66,58,10,32,50,3,47,85,3,12,1
126,2,44,54,52,16,32,26,45,29,18,36,46,1
127,54,43,4,2,52,46,16,52,32,10,46,44,2
128,19,31,50,29,30,40,40,24,35,25,54,20,1
129,36,24,40,33,27,41,1,24,75,3,36,61,3
130,39,3,57,42,24,34,30,33,37,31,10,58,4
131,30,43,27,39,29,32,32,3,65,46,34,20,3
132,37,52,10,40,17,43,39,21,40,28,23,50,4
133,16,50,34,23,41,36,61,24,15,30,10,60,4
134,46,24,29,7,28,65,5,37,58,60,39,0,2
135,49,24,27,79,18,3,9,47,44,6,49,45,4
136,18,43,39,43,52,5,27,39,34,74,13,12,1
137,26,70,5,9,75,16,22,42,36,58,41,1,3
138,17,60,24,34,25,41,32,26,41,45,47,8,2
139,31,10,58,14,34,52,3,3,94,44,23,33,3
140,39,36,25,4,46,51,35,21,44,3,47,50,2
141,50,11,39,28,64,8,39,14,47,27,27,46,3
142,15,44,41,19,37,44,79,4,17,23,29,47,4
143,25,28,47,17,22,61,44,32,23,62,6,32,2
144,38,32,29,45,4,51,31,33,36,73,14,12,2
145,56,24,19,37,47,15,42,26,32,45,14,41,4
146,44,36,19,4,38,58,58,16,25,35,60,5,2
147,37,46,16,56,38,5,42,51,6,18,7,74,4
148,31,11,58,33,21,46,56,27,17,20,49,31,1
149,61,5,34,24,21,55,26,41,33,53,1,46,2
150,24,35,41,29,33,39,28,20,52,29,32,39,3
151,52,27,21,22,47,31,12,33,54,61,13,26,3
152,32,49,19,36,46,18,31,24,44,17,48,35,3
153,13,36,50,31,58,11,36,3,61,8,48,44,3
154,48,17,35,16,70,14,29,31,40,41,24,36,3
155,29,19,52,41,31,29,28,22,50,47,48,5,1
156,3,49,48,37,22,42,75,12,13,35,51,14,1
157,53,10,37,57,0,42,26,33,42,4,23,72,4
158,54,32,13,86,12,2,22,18,60,4,59,37,3
159,46,8,45,31,36,32,53,0,47,33,34,32,3
160,15,32,54,35,11,54,15,24,61,42,6,52,3
161,18,52,30,54,21,26,17,65,18,26,61,13,1
162,33,16,51,26,47,27,46,1,52,31,37,32,3
163,50,31,19,42,36,22,79,13,8,29,48,23,4
164,38,27,35,50,14,36,40,42,18,31,56,14,2
165,36,13,51,39,39,22,3,48,48,24,68,8,1
166,48,33,18,50,18,32,21,57,22,13,3,84,4
167,10,62,28,47,39,14,31,60,10,18,14,68,4
168,39,41,21,26,66,9,37,37,26,14,70,16,3
169,10,42,48,41,8,51,12,41,48,31,41,28,2
170,42,39,19,73,15,12,33,45,22,58,17,25,4
171,14,31,56,44,4,51,20,37,43,47,22,31,1
172,32,39,29,30,39,30,62,1,37,46,38,17,3
173,20,12,68,22,56,22,39,39,22,27,59,14,1
174,45,45,10,21,34,46,1,55,44,46,40,14,2
175,49,50,1,51,31,18,21,59,20,31,22,47,4
176,53,30,16,33,50,18,2,71,28,7,47,46,4
177,26,12,63,32,32,36,59,13,28,9,45,46,1
178,17,27,56,34,25,42,47,27,26,38,15,48,1
179,49,22,29,8,92,0,32,25,44,38,29,33,3
180,25,52,24,56,20,24,38,10,52,9,46,45,3
181,19,49,33,33,19,48,14,30,56,48,24,28,3
182,39,39,22,54,20,26,22,39,39,22,33,45,4
183,46,41,13,44,22,34,30,6,64,62,8,30,3
184,37,42,21,50,39,11,61,7,32,64,16,20,3
185,28,12,60,11,48,41,17,47,36,40,34,26,1
186,16,65,19,34,56,10,68,4,28,15,43,42,4
187,36,13,50,59,38,3,9,52,40,24,24,52,4
188,10,38,52,38,51,10,2,31,67,24,40,36,3
189,27,39,34,43,1,56,6,82,12,24,28,47,2
190,72,7,20,34,34,32,17,37,46,32,47,21,3
191,47,26,27,18,51,31,46,37,17,27,28,45,4
192,13,36,50,9,86,4,16,40,44,53,3,44,1
193,30,30,41,22,25,53,28,37,34,16,24,61,4
194,3,38,60,41,15,44,31,24,45,33,43,25,1
195,31,58,11,11,23,67,38,32,30,68,9,23,2
196,43,29,28,38,26,35,69,7,24,58,12,30,2
197,42,4,54,72,12,15,1,53,46,41,45,14,1
198,45,26,29,17,53,29,24,24,53,29,8,63,4
199,26,53,21,45,6,49,26,11,63,6,84,10,3
200,1,46,53,31,46,23,48,37,15,48,12,40,1
201,39,4,57,33,52,16,38,33,29,53,25,22,1
202,57,17,26,44,24,32,26,36,38,83,0,17,3
203,29,43,28,30,32,38,51,3,47,19,46,35,3
204,24,51,25,61,17,22,44,7,49,12,46,41,3
205,17,28,55,24,54,21,24,65,11,17,54,29,1
206,43,36,21,14,66,20,32,41,27,25,61,14,3
207,36,30,34,41,42,18,46,29,25,42,43,15,1
208,15,80,5,13,75,12,41,33,26,45,50,5,3
209,10,46,43,37,40,22,77,3,19,1,55,44,4
210,41,55,4,23,50,27,4,50,46,31,17,52,4
211,38,17,45,19,44,36,57,5,38,33,32,35,1
212,5,44,51,34,35,31,4,29,67,49,18,33,3
213,6,61,33,36,45,19,19,34,47,9,48,43,3
214,82,7,11,40,13,47,37,24,40,4,40,56,4
215,44,35,22,8,45,47,29,28,43,53,22,26,2
216,51,28,21,22,44,33,23,62,16,9,56,36,4
217,47,28,25,12,29,60,47,48,4,41,37,21,2
218,34,37,29,32,53,15,36,30,35,28,8,64,4
219,38,13,49,24,46,30,35,30,35,40,44,16,1
220,18,49,33,27,47,25,44,30,26,28,68,5,1
221,19,61,20,3,61,36,52,1,47,42,25,33,3
222,35,13,52,7,46,46,55,32,13,53,2,45,1
223,61,14,24,14,28,58,49,18,33,23,52,25,2
224,2,65,34,27,41,33,25,21,54,24,43,33,3
225,16,79,5,11,24,65,43,9,48,26,42,31,2
226,13,35,52,46,28,26,60,7,33,35,26,39,1
227,47,11,42,7,46,47,65,34,1,16,44,41,2
228,24,58,18,31,37,32,61,22,17,31,55,14,2
229,50,18,32,24,39,37,5,63,32,39,47,14,2
230,55,10,35,42,7,51,82,7,10,79,9,12,2
231,25,34,41,25,33,42,13,40,47,16,79,4,3
232,43,39,18,21,70,9,32,35,33,32,39,28,3
233,32,5,63,71,20,9,58,30,12,6,31,63,1
234,51,26,23,45,17,38,44,34,22,42,2,56,4
235,30,22,47,21,42,38,15,41,44,40,31,29,1
236,46,11,44,35,32,33,36,30,34,44,40,16,1
237,49,47,4,70,3,27,66,29,5,40,38,21,2
238,30,19,51,39,31,30,12,53,35,33,36,31,1
239,35,25,39,5,84,11,46,25,28,32,46,22,1
240,22,9,69,19,79,3,23,36,42,47,11,42,1
241,19,40,41,68,13,18,8,35,56,33,41,26,3
242,42,47,11,62,17,21,3,50,46,46,33,21,3
243,52,18,29,9,46,45,45,44,11,0,49,50,4
244,40,28,32,33,7,60,48,5,47,72,22,6,2
245,15,41,44,48,35,17,41,29,30,25,34,41,1
246,6,89,5,36,15,49,22,37,41,5,44,50,4
247,43,43,15,44,25,31,31,21,48,27,43,30,3
248,21,36,43,7,47,46,42,36,22,35,33,31,2
249,32,30,39,55,6,39,7,62,32,1,55,44,4
250,18,5,77,53,26,22,77,16,7,25,20,56,1
251,45,15,40,26,46,29,21,26,53,39,15,47,3
252,13,40,47,34,54,11,34,33,33,21,57,22,1
253,40,17,42,29,15,56,62,4,34,35,39,26,2
254,26,39,35,35,35,30,61,32,8,49,37,14,1
255,40,26,34,44,48,8,23,40,38,4,9,86,4
256,33,36,31,66,34,0,44,49,7,20,31,49,4
257,40,25,36,36,27,37,9,10,81,46,16,38,3
258,39,12,49,31,9,60,10,51,39,27,41,32,2
259,57,21,22,45,52,3,26,54,21,40,25,36,4
260,33,24,44,27,28,45,29,17,54,22,40,38,3
261,56,30,14,15,56,28,38,34,29,1,65,34,4
262,75,16,9,19,32,49,10,83,7,54,22,24,2
263,49,10,41,53,23,24,21,29,50,13,40,48,3
264,7,87,5,14,48,38,31,56,13,40,55,5,2
265,38,27,35,16,21,63,44,35,21,17,51,32,2
266,29,24,47,5,37,58,24,70,6,14,55,31,2
267,31,47,22,59,8,34,24,18,58,35,37,28,3
268,30,21,49,40,13,47,32,57,11,50,6,44,1
269,34,18,48,55,0,45,34,30,36,48,11,41,1
270,71,26,3,55,11,34,27,17,56,24,44,32,3
271,55,40,4,60,39,1,45,18,37,5,34,61,4
272,32,1,66,37,36,27,23,47,30,16,35,49,1
273,38,9,53,21,27,52,20,25,55,32,43,24,3
274,46,47,6,64,22,14,59,16,25,43,42,14,3
275,14,26,60,38,23,39,26,22,52,43,35,21,1
276,39,44,18,31,42,26,42,13,45,54,30,15,3
277,37,39,25,64,3,33,34,58,8,56,21,23,2
278,33,37,30,21,22,57,27,15,58,18,35,47,3
279,44,21,35,45,25,30,4,50,46,44,5,52,4
280,19,8,73,37,30,34,37,38,25,11,51,38,1
281,16,31,53,4,82,14,33,33,34,64,30,6,1
282,58,37,5,69,9,22,36,55,9,31,36,33,4
283,1,69,30,48,22,31,10,44,47,56,40,4,3
284,60,2,38,56,25,19,32,18,50,37,59,5,3
285,15,49,37,9,55,36,10,44,47,15,79,6,3
286,16,40,44,32,44,24,6,55,39,43,40,17,1
287,30,31,39,75,23,2,5,43,52,56,44,0,3
288,38,49,13,42,6,53,24,75,2,50,35,15,2
289,27,31,42,29,44,27,30,43,27,42,33,25,1
290,4,54,42,33,17,50,74,8,18,0,49,50,2
291,2,43,55,14,28,59,27,37,36,44,44,12,2
292,32,15,52,42,39,19,10,20,69,13,47,40,3
293,59,20,20,11,74,15,9,55,36,22,47,31,3
294,34,34,32,20,51,28,32,49,19,4,40,56,4
295,0,72,27,1,30,69,44,24,32,12,35,52,2
296,46,6,48,39,30,31,55,8,37,81,5,15,1
297,34,48,18,25,28,47,40,45,14,19,55,26,2
298,45,5,50,26,33,41,39,36,25,89,5,6,1
299,79,15,7,25,47,28,60,35,5,41,25,34,4
300,32,25,44,50,4,46,50,25,24,37,14,49,4
301,23,24,53,27,40,34,28,65,6,12,60,28,1
302,37,18,45,45,36,19,48,30,22,22,54,24,1
303,9,64,28,21,47,32,53,43,4,33,34,33,4
304,47,16,36,31,34,35,89,3,8,29,43,29,1
305,2,34,64,24,38,38,13,32,55,34,63,4,1
306,40,38,21,18,39,43,14,50,35,46,4,50,4
307,40,16,43,35,35,30,10,80,10,51,18,32,1
308,46,36,18,17,31,52,37,3,60,24,71,4,3
309,71,11,17,70,25,5,29,20,51,35,13,53,4
310,9,41,51,21,38,41,17,33,50,39,38,23,1
311,69,18,13,67,33,1,48,5,47,54,32,14,3
312,15,43,41,21,40,39,13,34,53,39,46,16,3
313,64,17,19,40,32,28,65,16,20,45,28,27,2
314,20,77,2,24,28,48,43,12,45,62,37,2,2
315,12,33,55,38,49,13,43,9,47,21,9,70,4
316,20,58,22,15,68,17,41,32,27,44,41,15,3
317,16,30,54,41,20,39,34,44,23,22,47,30,1
318,27,37,36,53,0,47,29,37,34,17,34,49,4
319,26,60,14,51,28,22,41,59,0,11,57,32,4
320,23,29,48,1,51,48,17,30,53,24,26,49,3
321,51,12,37,7,73,20,40,48,12,36,57,7,1
322,33,39,28,15,18,66,12,37,51,37,30,33,2
323,38,31,32,59,1,39,52,17,31,33,27,40,4
324,28,69,2,53,11,36,12,38,50,16,43,42,3
325,1,26,72,57,41,1,47,40,13,8,44,48,1
326,31,23,45,15,75,10,37,50,13,27,34,40,1
327,43,15,41,41,50,8,27,46,27,57,15,29,1
328,42,34,23,23,43,33,39,25,36,16,1,83,4
329,42,10,48,27,57,16,38,8,54,33,4,63,4
330,46,5,49,63,34,3,21,40,39,50,27,23,1
331,44,38,18,29,29,42,56,15,30,38,49,13,2
332,25,36,39,32,32,36,71,23,6,72,1,27,1
333,30,19,51,19,42,39,29,41,30,64,27,9,1
334,17,53,30,21,39,40,45,3,52,15,18,67,4
335,37,22,41,47,29,24,5,59,36,33,32,35,1
336,40,29,31,28,37,35,3,62,35,38,46,16,2
337,28,28,43,2,29,69,43,30,27,29,24,47,2
338,39,34,27,36,40,23,8,91,1,55,42,3,1
339,9,56,35,35,44,22,34,19,47,34,29,36,3
340,33,7,60,30,40,30,58,14,28,38,47,15,1
341,43,46,11,36,40,24,38,31,32,41,18,41,4
342,38,48,14,28,55,17,25,29,46,19,45,36,3
343,34,30,36,37,26,36,8,28,64,38,22,40,3
344,27,32,41,18,45,38,57,15,27,22,22,56,4
345,20,37,43,38,30,32,18,39,43,35,38,27,1
346,55,37,8,28,24,49,36,19,45,86,11,3,2
347,3,86,11,50,27,24,80,18,2,46,39,15,2
348,27,42,31,40,43,17,38,40,22,6,53,41,4
349,9,62,29,30,57,14,44,25,31,37,38,25,3
350,38,51,11,27,45,28,71,24,5,51,24,24,2
351,5,44,51,71,9,20,13,45,42,32,19,49,1
352,30,68,2,88,10,2,18,35,47,15,51,34,3
353,28,27,44,39,30,31,35,27,38,43,39,18,1
354,15,73,12,25,53,22,44,47,9,11,37,52,4
355,36,31,33,7,16,77,42,32,27,31,12,56,2
356,46,4,49,55,13,32,28,41,31,48,25,27,1
357,59,38,3,27,53,21,30,1,69,5,44,51,3
358,20,43,37,94,1,4,38,40,22,25,36,39,4
359,42,23,36,38,41,21,53,33,14,1,62,38,4
360,30,16,55,42,38,20,15,32,53,32,46,22,1
361,23,44,33,55,23,22,29,37,34,30,43,27,3
362,83,15,2,13,57,30,34,47,19,40,6,54,4
363,11,49,40,35,41,23,6,60,34,53,18,29,1
364,34,37,29,50,13,37,32,43,26,17,49,34,2
365,23,23,54,43,43,14,52,14,35,47,22,31,1
366,39,35,26,35,7,58,31,37,32,36,21,43,2
367,4,55,41,69,16,15,6,39,55,18,59,23,3
368,67,27,6,44,6,50,19,44,37,21,48,31,2
369,80,4,16,28,37,34,53,10,38,4,60,36,3
370,27,38,35,89,4,7,34,32,34,31,37,32,1
371,30,27,43,61,2,37,17,49,34,13,27,60,4
372,40,19,41,33,27,40,27,50,23,21,40,39,1
373,36,7,57,19,36,45,36,42,22,21,43,36,1
374,41,43,17,28,29,43,25,39,35,9,51,40,2
375,26,58,16,51,4,45,24,15,61,27,32,41,3
376,39,7,54,5,47,47,22,29,50,46,48,6,1
377,49,20,31,26,42,31,28,64,8,20,50,30,1
378,62,5,33,59,26,16,42,26,31,46,16,38,4
379,10,65,25,36,43,21,60,22,18,43,9,48,4
380,18,35,47,57,10,33,24,28,48,49,3,48,3
381,45,42,12,47,16,37,60,14,27,12,65,23,2
382,21,17,62,39,22,39,29,58,13,26,9,64,4
383,23,48,29,27,12,61,33,35,32,5,70,24,2
384,24,17,59,39,3,58,38,3,59,4,36,60,4
385,33,34,33,45,53,2,11,28,61,11,85,4,3
386,52,33,15,14,38,48,16,71,13,5,45,50,4
387,34,9,57,11,36,53,72,24,4,28,39,33,1
388,48,20,33,2,30,68,55,44,1,24,40,36,2
389,8,70,22,64,1,35,58,23,19,11,77,12,2
390,65,10,25,33,49,18,9,42,48,13,31,55,4
391,22,42,36,6,21,73,48,50,3,23,40,37,2
392,37,10,53,14,34,52,27,55,18,12,42,46,1
393,21,12,67,40,44,16,49,16,35,34,34,32,1
394,31,44,24,1,49,50,34,26,40,40,6,55,4
395,39,40,21,69,29,2,24,57,20,23,65,12,1
396,3,32,65,34,23,42,0,2,98,38,35,27,3
397,54,21,26,39,20,41,41,30,29,14,53,33,2
398,35,32,32,33,18,49,62,5,33,84,14,2,2
399,4,41,55,9,26,64,23,27,49,2,23,75,4
400,15,20,65,33,44,24,23,5,72,11,46,43,3
401,18,77,5,42,15,43,74,0,25,51,8,41,2
402,15,53,32,36,43,20,11,25,64,8,44,49,3
403,51,10,40,40,28,32,32,44,24,37,20,43,4
404,1,46,53,42,4,54,44,12,45,58,15,27,2
405,63,8,29,42,11,47,47,24,28,26,27,47,2
406,56,29,15,30,46,24,35,34,31,10,44,46,4
407,19,37,44,19,45,36,54,2,45,38,34,28,3
408,0,51,49,22,56,22,4,39,57,20,58,23,3
409,23,11,67,36,43,21,55,20,25,62,11,28,1
410,32,36,33,32,39,29,39,23,38,28,49,23,3
411,21,30,49,10,64,25,7,39,54,55,12,33,3
412,30,4,66,49,9,42,32,36,32,17,78,4,1
413,60,38,2,29,35,36,45,18,36,16,31,53,4
414,60,15,25,14,47,40,28,30,42,15,13,72,4
415,42,8,50,29,21,50,38,18,44,38,48,14,1
416,52,11,37,40,49,11,44,15,40,36,24,40,3
417,52,17,31,29,37,34,32,35,33,61,9,31,2
418,0,71,28,54,1,45,68,24,8,21,56,22,2
419,45,15,40,26,37,37,30,54,17,34,21,45,4
420,32,24,44,37,22,40,56,41,3,23,33,44,1
421,48,23,29,52,21,27,23,34,43,44,39,17,3
422,34,22,44,2,53,45,35,30,35,23,28,49,4
423,10,37,54,90,10,0,14,54,31,26,61,14,1
424,47,8,45,21,32,47,58,26,16,45,17,37,2
425,50,35,15,14,40,46,16,47,37,8,34,58,4
426,7,2,92,37,37,26,24,26,50,35,34,31,1
427,25,46,30,61,25,15,16,25,58,37,56,7,3
428,28,34,38,30,31,39,58,19,23,24,29,48,4
429,57,33,9,49,5,46,81,15,4,38,45,17,2
430,29,30,41,60,25,15,57,3,40,44,52,4,1
431,16,42,42,56,22,22,38,17,45,42,26,32,3
432,41,46,13,59,6,34,40,5,55,32,35,33,3
433,55,5,40,30,20,50,8,71,21,13,63,24,2
434,44,9,47,5,54,41,45,1,54,59,37,4,3
435,24,53,23,24,51,25,7,37,56,2,40,58,4
436,22,35,43,38,15,47,31,34,35,67,16,17,2
437,36,39,25,29,17,54,7,61,32,13,59,28,2
438,20,36,43,49,37,14,81,16,3,68,25,7,1
439,25,30,45,23,44,33,35,29,36,34,40,26,1
440,41,6,53,38,40,22,27,13,61,21,42,37,3
441,22,42,36,17,51,32,39,52,10,24,39,37,4
442,41,39,20,14,16,70,90,2,8,42,48,10,2
443,24,62,14,48,6,47,18,31,52,15,18,67,4
444,39,34,26,22,53,25,31,46,24,53,29,18,1
445,10,20,70,40,33,28,10,33,57,57,12,31,1
446,43,27,29,20,68,12,33,18,49,29,36,35,3
447,50,24,25,44,28,27,14,28,59,24,34,42,3
448,24,33,43,33,2,66,20,53,27,62,31,7,2
449,40,37,24,26,64,10,12,67,21,2,15,83,4
450,2,51,46,10,51,39,24,15,61,41,18,41,3
451,36,42,21,62,22,16,34,52,14,37,28,35,4
452,27,40,33,16,58,26,25,38,37,15,45,40,4
453,59,12,29,29,16,55,5,52,43,71,3,25,2
454,17,23,60,57,27,16,9,20,71,39,8,53,3
455,58,8,33,40,45,14,50,27,24,40,16,44,4
456,34,25,41,40,8,52,66,15,19,19,33,47,2
457,44,33,23,49,7,44,49,22,29,22,35,43,2
458,18,27,55,40,34,26,10,57,33,4,79,17,1
459,32,57,11,2,79,19,33,9,58,36,37,26,3
460,62,31,6,13,63,23,16,81,3,43,34,22,2
461,34,9,57,41,16,43,58,21,21,42,14,44,1
462,38,22,40,14,73,13,67,15,18,48,36,15,1
463,37,30,33,40,23,36,34,30,36,47,30,23,2
464,23,45,32,35,53,12,18,42,41,35,32,34,3
465,69,16,15,52,25,23,63,4,33,33,33,33,3
466,41,31,28,9,56,36,26,33,41,39,8,52,4
467,34,22,45,47,9,44,38,23,40,69,11,20,1
468,3,64,33,42,28,31,25,25,50,32,9,58,4
469,41,46,13,22,42,36,76,11,13,34,34,33,2
470,53,13,34,26,41,33,38,34,28,36,40,23,1
471,61,22,18,5,58,37,44,37,19,19,28,53,4
472,49,12,39,50,11,39,28,50,22,14,43,43,4
473,30,13,56,36,36,27,16,63,21,3,28,69,4
474,53,8,39,14,21,65,72,21,7,45,10,45,2
475,41,46,12,34,30,35,53,13,34,20,22,58,4
476,32,36,32,12,52,36,68,30,3,52,30,18,2
477,42,21,37,19,63,18,46,12,43,50,33,17,3
478,32,32,36,38,44,18,46,7,47,50,43,7,3
479,44,34,22,40,22,38,53,7,41,8,53,38,3
480,28,36,35,13,45,43,28,38,34,37,23,39,2
481,46,26,28,3,96,0,11,45,44,76,9,15,3
482,38,30,32,32,54,14,24,53,23,40,45,15,1
483,25,34,41,17,32,51,49,29,21,33,13,55,4
484,41,32,27,82,7,11,35,42,24,70,24,7,1
485,71,1,27,39,51,11,94,5,1,11,33,57,4
486,47,32,21,48,41,11,24,45,31,46,27,28,3
487,2,47,51,44,52,4,24,48,28,45,55,0,1
488,20,43,37,16,45,40,17,29,54,10,32,58,4
489,14,72,13,56,33,12,86,10,4,33,39,27,4
490,86,0,14,28,39,34,74,1,25,36,20,44,4
491,14,72,13,29,32,39,66,14,20,49,22,30,2
492,59,25,16,11,18,71,31,46,23,53,46,1,2
493,51,46,3,29,28,43,36,31,33,22,45,32,2
494,76,3,21,52,43,5,8,30,62,29,30,41,3
495,37,61,2,18,31,51,33,28,39,28,52,20,2
496,57,15,28,5,36,58,48,2,50,38,34,29,2
497,35,18,47,33,36,31,40,32,28,38,47,16,1
498,29,30,41,56,23,21,26,2,73,48,33,20,3
499,76,7,17,21,42,37,28,34,39,20,49,31,3
500,22,44,34,5,31,64,20,35,44,58,10,32,2
501,56,10,34,6,41,53,30,26,44,17,4,80,4
502,33,23,44,32,26,42,33,8,59,10,28,62,4
503,44,33,23,43,25,33,31,44,24,32,36,33,2
504,62,37,1,14,45,40,38,44,18,23,33,44,4
505,7,75,18,10,38,53,21,64,16,51,20,29,2
506,15,61,24,36,9,56,53,9,38,37,61,2,2
507,33,28,39,29,70,1,42,42,15,32,57,11,1
508,67,18,15,79,5,16,34,57,9,36,42,22,4
509,2,5,94,33,31,35,10,53,37,4,60,36,1
510,17,16,67,31,38,30,37,26,37,19,49,32,1
511,41,14,45,45,36,19,41,48,11,49,25,26,1
512,6,50,44,31,29,40,25,33,42,14,20,66,4
513,37,22,41,70,3,27,51,36,13,25,36,39,1
514,39,55,7,32,58,10,25,39,36,31,39,30,3
515,11,66,23,4,45,51,18,49,33,12,52,36,2
516,37,27,36,30,43,26,8,86,6,28,35,37,4
517,29,52,19,33,31,36,42,44,14,56,1,43,4
518,38,22,40,22,40,38,37,14,49,7,51,42,3
519,35,43,22,53,12,34,43,18,39,28,12,60,4
520,54,16,29,25,52,22,38,50,12,38,39,23,1
521,35,31,34,30,18,53,37,19,44,82,12,6,2
522,29,19,52,44,22,33,17,20,63,33,43,24,3
523,37,45,19,38,33,29,30,44,27,22,37,41,4
524,29,38,33,52,38,10,38,39,23,52,28,20,1
525,33,45,21,41,9,50,62,1,37,6,43,51,4
526,32,9,59,36,25,39,36,61,3,46,2,52,1
527,59,29,12,66,1,33,43,40,17,42,41,17,2
528,42,4,54,40,1,59,43,10,47,32,28,40,2
529,62,22,16,46,24,30,29,35,36,16,40,44,4
530,11,56,33,12,41,47,10,55,36,24,43,33,2
531,3,63,34,46,38,15,48,35,17,1,50,48,4
532,41,35,24,41,30,29,20,33,47,50,33,17,3
533,59,20,21,48,45,8,26,14,59,17,1,82,4
534,43,22,35,47,23,31,58,21,21,69,26,4,1
535,67,3,30,77,16,7,67,4,29,22,44,33,4
536,29,29,42,40,25,36,4,48,48,27,6,67,4
537,13,3,84,37,52,11,45,36,19,46,29,25,1
538,36,57,7,40,12,48,17,34,49,54,29,17,3
539,17,43,40,44,9,47,36,35,29,33,32,35,2
540,14,17,69,26,46,28,1,1,98,10,18,72,3
541,42,18,40,46,10,44,49,13,38,25,41,34,2
542,4,68,28,19,42,39,37,30,33,18,53,29,2
543,27,35,38,47,32,21,13,61,26,2,21,76,4
544,47,34,19,8,58,34,8,22,70,51,23,26,3
545,14,50,36,1,45,54,0,92,7,36,3,61,4
546,42,21,38,65,21,13,22,31,46,44,27,29,3
547,61,2,37,35,32,32,13,67,20,34,42,24,1
548,8,40,51,28,15,57,43,44,13,86,9,5,2
549,34,24,42,59,25,15,19,1,80,27,40,33,3
550,5,49,45,23,23,54,20,26,54,41,14,44,2
551,40,18,42,22,59,18,18,28,53,11,45,45,3
552,76,21,4,16,1,82,11,29,60,1,52,47,2
553,41,34,25,43,43,14,59,41,0,51,12,36,4
554,30,19,50,40,48,11,39,52,9,2,14,83,4
555,43,14,43,46,34,20,42,4,53,47,28,25,3
556,50,46,4,45,30,25,42,31,27,17,48,35,4
557,27,40,33,64,2,34,20,58,22,34,21,45,4
558,30,6,63,80,15,4,2,57,40,5,37,58,1
559,47,39,14,48,32,20,25,11,64,48,30,23,3
560,31,39,29,26,26,48,30,3,68,53,40,7,3
561,3,33,64,42,16,42,3,39,58,58,22,20,1
562,66,21,13,57,3,41,31,38,31,30,39,32,2
563,33,39,28,52,14,34,42,23,34,25,27,47,4
564,1,37,62,0,50,50,43,28,29,37,34,30,1
565,55,20,25,28,58,13,33,32,35,33,43,24,3
566,30,31,39,20,49,31,29,65,6,51,30,19,1
567,39,30,31,43,30,27,27,36,37,21,47,32,3
568,41,49,10,53,9,38,23,38,39,31,37,32,3
569,45,43,12,23,37,40,18,33,49,64,18,18,3
570,20,22,58,29,52,19,78,2,20,25,24,51,1
571,54,17,29,3,45,52,43,51,6,33,43,24,2
572,62,11,27,46,23,31,14,34,52,41,48,11,3
573,38,25,37,41,35,24,37,41,23,48,5,47,4
574,20,68,12,38,37,24,82,6,12,56,14,30,4
575,51,19,30,62,30,7,59,11,30,37,8,55,4
576,28,37,35,11,60,29,44,46,10,35,21,44,4
577,16,41,43,36,15,48,30,68,2,44,51,5,2
578,32,37,31,34,39,26,48,52,0,2,72,25,1
579,73,1,25,1,45,54,3,35,62,55,27,19,3
580,17,70,13,53,38,9,68,26,6,37,51,12,1
581,22,19,59,19,74,7,51,32,16,24,38,38,1
582,18,36,47,2,26,73,6,54,40,45,54,1,2
583,12,46,43,52,23,25,41,21,38,37,21,42,1
584,42,24,34,46,41,13,43,54,3,29,42,29,1
585,1,39,59,32,47,21,47,32,20,55,8,37,1
586,18,59,24,10,44,47,41,8,51,10,44,46,3
587,12,79,9,54,41,6,13,62,25,43,43,14,3
588,42,13,45,17,52,31,24,43,33,49,15,36,1
589,49,27,23,70,26,4,52,38,10,48,5,47,4
590,21,36,43,12,32,56,52,11,37,40,38,21,2
591,33,34,34,45,7,48,27,66,7,18,10,72,4
592,38,2,60,8,41,51,1,65,34,26,8,66,4
593,33,42,25,10,50,40,9,59,31,30,36,34,2
594,26,72,2,8,36,56,19,42,39,40,33,27,2
595,9,42,49,12,32,56,44,40,16,36,7,57,4
596,39,9,51,67,17,16,45,51,4,31,21,48,1
597,54,16,31,12,22,66,35,22,43,54,41,5,2
598,11,53,36,9,47,43,48,6,45,10,38,53,4
599,22,11,67,33,28,38,15,42,43,77,7,16,1
600,22,71,7,24,41,35,37,35,28,27,19,54,4
601,19,38,43,39,27,34,1,39,60,22,50,27,3
602,42,27,31,21,47,33,45,5,50,48,27,25,3
603,14,78,8,22,55,23,29,39,32,68,20,12,3
604,29,45,26,57,15,28,76,13,11,32,31,37,4
605,16,43,41,36,44,21,51,4,45,51,14,36,3
606,32,45,23,17,44,39,79,11,10,49,40,11,2
607,41,46,13,45,43,13,38,37,25,65,25,10,3
608,18,61,20,48,18,34,2,24,74,25,17,58,3
609,16,47,37,40,11,49,38,18,44,30,42,28,2
610,16,53,32,52,25,24,24,18,58,51,46,4,3
611,13,44,43,66,1,33,37,34,29,32,35,33,1
612,5,56,38,36,5,59,14,70,17,22,46,32,2
613,26,32,43,47,31,23,34,55,11,38,34,29,1
614,46,15,39,44,30,25,41,42,17,37,34,29,1
615,41,20,39,51,38,11,55,41,4,49,50,1,1
616,17,52,31,35,59,7,11,58,31,26,70,4,1
617,38,24,38,81,8,11,30,31,39,49,44,7,3
618,18,72,10,35,44,21,9,39,51,29,18,54,4
619,62,19,19,58,31,11,22,24,54,44,12,44,3
620,61,23,17,25,44,31,85,4,11,35,44,21,2
621,45,20,35,24,22,54,41,24,35,23,37,40,2
622,32,19,49,52,45,3,28,18,53,12,2,86,4
623,34,31,35,48,21,31,30,44,26,6,77,17,1
624,6,48,46,39,35,26,42,16,41,27,45,29,1
625,4,88,8,42,12,46,32,47,21,31,52,17,2
626,50,37,13,11,22,66,17,77,6,6,84,10,2
627,9,78,12,5,67,27,41,27,31,11,51,38,4
628,45,36,19,10,40,50,34,39,27,26,41,33,2
629,6,79,16,28,71,2,41,41,18,23,29,48,4
630,39,37,23,30,49,21,9,48,43,7,89,4,3
631,7,57,36,9,30,61,36,4,61,33,32,35,2
632,20,51,29,26,40,34,27,53,20,52,1,47,4
633,55,31,14,27,36,37,33,19,48,20,28,53,4
634,22,61,17,55,1,43,6,68,26,52,43,5,2
635,30,38,32,28,68,4,50,26,24,0,54,45,4
636,49,8,43,39,40,21,23,52,25,10,13,77,4
637,29,32,39,69,12,19,48,47,5,25,26,49,4
638,45,31,23,17,35,48,40,2,58,53,34,14,3
639,47,35,18,37,18,46,19,52,28,48,13,38,2
640,40,47,13,34,50,16,35,9,56,40,23,37,3
641,88,4,8,80,16,4,27,43,30,22,45,33,4
642,39,55,6,73,21,6,43,55,2,38,49,13,4
643,51,6,44,14,84,2,43,42,15,25,63,12,1
644,86,0,14,45,53,1,36,46,19,48,13,39,4
645,40,21,39,52,23,25,79,9,12,43,24,33,1
646,21,28,51,9,41,50,43,47,10,21,73,5,1
647,66,22,12,79,10,11,57,27,16,68,6,26,4
648,32,26,41,28,41,31,40,22,38,59,6,35,1
649,21,43,36,21,58,21,17,45,38,32,55,13,3
650,68,24,8,21,9,70,34,29,37,38,30,32,2
651,51,36,13,33,35,33,62,28,9,24,61,16,2
652,12,44,44,1,14,85,38,41,21,34,27,39,2
653,21,38,41,15,68,17,35,35,30,0,89,11,1
654,36,49,15,42,49,9,1,58,41,37,50,13,3
655,34,1,65,42,30,28,46,23,31,42,5,53,1
656,33,53,13,34,29,37,10,57,33,32,33,35,2
657,75,18,6,46,43,11,45,44,11,47,40,13,4
658,31,23,46,46,49,6,38,26,36,0,48,52,4
659,3,97,0,41,1,58,31,64,5,55,35,10,2
660,13,60,27,52,10,39,25,31,44,44,28,28,3
661,48,42,11,25,48,27,53,23,24,31,36,32,4
662,48,39,13,14,18,68,63,0,37,31,25,44,2
663,20,28,52,23,26,51,12,51,37,21,49,30,1
664,39,37,24,31,20,49,48,26,27,17,18,65,4
665,41,58,1,7,2,90,41,47,12,10,31,59,2
666,28,24,48,29,36,36,29,47,24,31,29,41,1
667,48,48,4,35,27,39,68,26,7,35,43,22,2
668,34,33,33,22,54,24,50,38,12,3,49,47,4
669,6,37,57,25,37,38,31,22,47,11,82,6,1
670,57,11,32,43,39,19,45,35,20,33,43,24,1
671,16,41,43,49,20,31,38,31,31,44,25,31,1
672,14,60,26,43,32,25,26,38,36,41,16,43,4
673,10,36,54,36,49,14,2,47,50,45,24,30,1
674,15,34,51,35,40,24,29,57,13,47,14,40,1
675,76,8,16,31,43,27,49,21,30,19,42,40,4
676,23,43,34,2,69,29,52,8,40,25,7,68,4
677,67,28,5,41,32,27,0,48,51,10,60,30,3
678,47,44,8,46,24,31,45,33,22,3,95,2,2
679,34,31,35,68,16,16,61,32,7,22,35,43,4
680,41,3,56,10,31,59,13,43,44,38,31,32,2
681,12,48,40,31,49,21,45,41,13,45,36,18,1
682,36,23,41,67,22,11,42,18,39,31,49,19,1
683,42,14,44,54,44,2,19,65,15,55,41,4,1
684,17,20,62,41,36,22,2,64,34,27,10,63,4
685,16,38,46,38,3,58,20,17,64,17,58,25,3
686,49,1,50,33,22,45,83,11,6,7,37,57,4
687,50,21,29,9,28,63,36,29,35,45,24,31,2
688,36,60,4,40,5,55,51,19,31,49,18,33,2
689,29,46,24,34,38,28,45,12,43,38,28,34,3
690,20,34,46,40,25,36,47,10,42,21,35,44,1
691,28,38,34,49,13,38,39,41,21,23,41,35,2
692,39,7,54,62,2,37,33,22,45,61,27,12,1
693,37,19,44,2,48,50,37,37,26,2,26,72,4
694,59,19,22,21,38,40,41,35,24,42,30,29,2
695,1,35,65,16,37,47,14,51,34,36,38,26,1
696,32,33,34,27,43,29,31,1,68,49,48,3,3
697,29,54,17,24,56,20,61,4,35,53,40,8,3
698,9,86,4,39,18,43,1,19,79,31,34,36,3
699,57,17,26,65,8,27,32,59,10,24,61,15,2
700,60,28,12,29,54,17,41,10,48,56,31,12,3
701,55,16,29,31,29,40,24,39,37,77,14,9,2
702,2,61,37,38,38,24,59,38,2,17,78,4,1
703,53,11,35,50,45,5,15,77,8,41,35,23,1
704,32,19,50,12,34,54,5,49,46,39,18,43,2
705,26,33,41,13,64,23,8,74,18,16,58,26,1
706,81,8,11,46,36,18,58,3,40,15,9,76,4
707,67,22,11,3,48,49,61,27,12,51,13,35,2
708,15,57,29,38,47,15,46,4,50,41,19,40,3
709,12,2,86,10,62,28,28,24,48,27,37,36,1
710,49,7,44,17,81,2,32,36,33,28,36,35,1
711,7,79,15,36,13,51,88,2,11,42,32,25,2
712,26,31,43,15,45,40,55,8,37,15,42,43,1
713,45,47,8,36,30,34,2,74,24,14,42,44,4
714,74,23,3,50,48,1,19,46,34,82,14,4,3
715,22,42,37,19,20,62,43,42,15,40,24,36,2
716,45,18,38,18,72,10,43,30,27,33,36,30,1
717,39,32,29,12,51,37,34,25,42,26,31,43,4
718,19,35,46,43,42,15,3,78,19,27,13,59,4
719,16,38,46,3,57,40,59,33,8,46,29,25,1
720,45,50,5,25,38,36,23,44,33,50,37,13,2
721,46,5,50,11,21,68,47,44,8,19,34,46,2
722,36,30,35,10,50,40,50,19,31,17,28,55,4
723,54,31,15,54,34,12,51,31,18,42,40,18,3
724,48,37,16,25,36,39,11,69,20,3,44,53,4
725,34,58,9,21,39,40,47,23,30,16,21,63,4
726,22,33,45,62,32,6,10,44,46,13,39,49,4
727,27,30,43,42,35,23,30,54,16,41,52,7,1
728,44,26,30,44,15,41,43,22,35,52,6,41,2
729,47,16,38,12,53,35,33,34,33,41,43,16,1
730,74,6,19,34,27,39,7,54,39,49,6,45,4
731,52,35,14,34,33,33,42,50,8,43,24,33,2
732,11,44,45,56,5,40,5,38,57,37,52,12,3
733,36,9,55,26,27,47,16,41,43,13,56,32,1
734,64,33,3,40,23,37,15,39,46,15,41,44,3
735,24,44,32,29,46,25,27,9,65,14,45,41,3
736,38,35,27,52,44,4,41,4,55,50,34,16,3
737,41,41,18,11,53,37,44,26,30,57,1,42,4
738,18,67,15,20,24,56,38,42,19,1,40,59,4
739,49,36,15,36,39,25,20,34,45,65,28,6,3
740,46,27,27,67,16,17,32,39,29,42,20,38,4
741,0,39,61,35,47,17,23,52,25,47,22,31,1
742,53,35,13,23,43,34,40,40,20,38,5,57,4
743,16,28,56,29,43,29,32,29,38,16,83,1,1
744,33,23,45,57,22,21,28,38,33,47,49,4,1
745,36,49,15,80,10,11,42,34,24,22,33,46,4
746,32,38,30,74,17,8,8,43,49,37,30,33,3
747,33,27,40,44,37,19,77,6,17,34,19,46,4
748,41,26,33,42,56,2,29,11,59,36,58,6,3
749,19,34,47,57,10,33,18,50,32,6,74,21,1
750,48,29,23,6,21,74,27,59,13,39,20,41,2
751,32,33,34,34,3,63,12,56,32,55,40,5,2
752,16,6,78,44,2,53,7,78,15,31,37,32,1
753,59,26,15,32,47,20,53,35,12,51,41,8,2
754,46,51,3,52,19,30,34,14,52,37,14,48,3
755,63,26,10,59,22,19,71,28,1,53,45,2,2
756,60,23,17,38,32,31,66,30,5,44,17,40,4
757,35,48,17,59,38,3,47,37,16,30,7,63,4
758,56,44,1,29,32,39,24,14,62,60,18,22,3
759,10,85,5,17,44,39,48,27,25,21,43,36,2
760,31,36,33,29,22,49,25,31,44,34,8,58,4
761,74,17,9,38,28,34,35,16,49,34,37,30,3
762,10,59,31,39,23,37,4,50,45,47,46,7,3
763,21,26,53,19,40,41,60,8,32,46,30,24,1
764,18,38,44,15,52,33,39,23,38,23,45,31,1
765,8,14,78,24,33,43,36,33,32,67,28,5,1
766,14,43,43,21,25,54,33,49,18,15,19,66,4
767,32,11,58,34,47,19,72,28,0,5,54,41,1
768,17,37,46,35,29,37,14,83,3,33,50,17,1
769,35,36,29,5,46,49,70,16,14,28,10,62,4
770,47,33,20,15,10,75,34,28,38,63,26,11,2
771,47,32,21,68,25,7,41,13,45,38,25,37,3
772,33,66,1,37,39,24,28,32,39,27,38,34,3
773,10,40,50,48,18,35,18,24,58,23,46,31,3
774,43,50,8,13,66,21,41,27,32,29,27,43,4
775,54,8,38,34,13,53,79,8,13,43,22,35,2
776,30,37,33,38,9,52,58,16,26,52,11,36,2
777,11,56,32,4,59,37,60,19,22,49,34,17,2
778,38,39,23,34,26,40,47,29,24,17,49,34,2
779,1,64,35,9,50,41,41,58,2,30,39,31,2
780,47,26,27,42,22,36,53,37,10,18,34,48,4
781,22,28,50,41,40,19,4,62,34,31,28,41,1
782,27,9,64,59,26,15,39,53,8,13,34,53,1
783,44,18,37,43,41,16,57,21,22,40,26,34,1
784,34,33,34,62,34,4,17,31,52,62,5,33,3
785,45,19,36,49,8,44,25,38,37,5,78,17,2
786,45,29,26,9,53,39,40,17,43,37,20,43,3
787,22,40,39,3,55,41,32,34,34,11,61,29,2
788,51,37,12,13,43,43,17,58,26,22,42,36,2
789,81,0,18,46,28,27,26,54,20,38,33,29,4
790,3,40,56,25,20,55,10,43,47,43,40,17,1
791,4,60,36,57,5,38,46,34,20,31,12,57,4
792,40,7,53,49,49,2,86,13,1,14,49,36,1
793,22,16,62,6,47,47,42,18,40,1,58,40,1
794,12,63,26,11,3,86,13,33,54,11,53,36,2
795,1,25,74,7,20,73,33,32,35,17,79,4,1
796,52,38,10,27,36,37,38,47,15,26,72,2,2
797,17,77,7,31,37,32,26,39,35,28,36,36,4
798,82,10,8,27,39,35,34,24,42,33,50,18,3
799,35,7,58,18,24,58,55,41,4,36,17,47,1
800,52,40,9,80,18,1,46,31,23,14,27,60,4
801,50,19,31,22,54,24,29,44,27,24,62,15,1
802,43,37,20,8,55,37,44,14,43,1,34,65,4
803,59,9,32,22,47,31,22,47,31,54,22,24,1
804,24,32,45,53,9,37,12,29,59,42,32,26,3
805,18,19,63,32,47,21,30,22,48,10,46,45,1
806,25,19,56,15,50,36,44,22,35,40,15,45,1
807,30,50,20,41,28,31,6,30,64,67,9,24,3
808,35,27,37,32,26,42,9,29,62,37,26,37,3
809,25,38,37,6,45,49,7,60,33,16,36,49,2
810,43,11,46,28,38,34,34,56,10,9,36,54,4
811,36,30,34,45,27,28,5,55,40,46,36,18,3
812,39,34,27,50,1,49,18,75,7,25,24,51,4
813,21,34,46,33,47,20,33,36,32,26,68,6,1
814,5,55,40,25,38,37,54,20,25,34,43,22,1
815,47,37,16,14,58,28,33,39,28,23,41,36,4
816,28,46,26,26,70,5,25,20,55,37,20,43,3
817,8,40,52,47,37,16,38,19,42,14,25,61,4
818,47,17,36,21,8,71,32,30,38,0,34,66,2
819,10,21,69,43,20,37,7,67,26,20,70,9,1
820,44,7,49,15,63,23,36,39,24,32,11,57,4
821,46,5,49,38,10,52,28,40,31,21,45,35,2
822,31,47,22,81,7,12,9,10,80,13,59,29,3
823,51,19,30,22,34,44,31,64,5,2,24,74,4
824,16,65,19,44,13,42,51,14,35,74,4,22,2
825,95,2,3,34,18,48,21,22,56,55,21,24,3
826,55,17,29,33,18,48,32,38,31,40,44,16,2
827,52,28,20,12,55,34,66,6,28,33,32,36,4
828,27,50,23,37,26,37,31,57,12,48,48,4,2
829,26,27,47,27,23,51,36,25,39,11,47,42,2
830,22,44,34,10,60,29,75,4,20,13,53,33,1
831,23,66,11,39,6,55,2,58,40,59,2,39,2
832,16,63,21,42,8,49,40,41,18,14,65,21,2
833,25,14,61,29,69,2,30,50,20,30,28,43,1
834,44,30,26,5,33,62,21,67,12,23,66,12,2
835,37,10,53,19,47,34,38,44,19,34,66,1,1
836,43,26,30,37,31,32,10,55,35,67,8,25,3
837,22,32,46,7,29,63,20,48,32,17,47,36,2
838,23,43,34,32,36,32,50,4,46,17,56,27,3
839,21,35,44,15,63,22,6,52,42,37,28,35,1
840,31,31,38,48,40,12,4,78,17,43,21,36,1
841,7,89,3,49,3,48,17,33,50,31,34,35,3
842,41,44,14,25,40,34,13,3,84,43,33,24,3
843,45,25,30,33,54,13,78,1,21,26,35,38,4
844,32,45,24,35,29,36,27,20,54,67,14,19,3
845,41,19,40,31,30,39,68,1,31,38,22,40,1
846,64,23,13,49,20,32,42,52,5,58,2,41,4
847,28,49,24,28,59,13,18,52,29,40,33,27,3
848,37,36,27,29,27,44,33,49,19,42,2,56,4
849,61,36,3,33,54,13,7,50,43,3,20,77,4
850,61,35,4,45,13,42,8,1,91,63,22,15,3
851,1,42,56,80,0,20,37,32,31,52,13,35,1
852,19,35,46,24,20,56,45,9,46,54,42,4,2
853,26,52,21,23,20,56,10,42,48,32,43,26,2
854,25,19,56,24,50,26,33,35,32,42,34,24,1
855,1,14,85,31,24,46,37,45,18,19,47,35,1
856,48,8,44,46,2,52,25,28,47,73,6,20,2
857,38,33,29,4,45,51,45,26,29,60,26,14,2
858,1,34,64,39,39,22,46,27,27,54,34,12,1
859,7,45,48,66,31,2,28,57,14,18,41,41,1
860,35,47,18,22,47,31,22,37,42,32,34,34,3
861,61,20,19,39,41,19,16,31,52,46,37,17,3
862,49,11,40,26,33,41,9,50,42,1,56,42,3
863,32,29,39,24,2,74,6,48,46,52,8,40,2
864,17,40,43,32,34,34,33,4,62,22,50,28,3
865,46,28,26,28,27,45,15,46,39,19,21,60,4
866,51,8,40,49,48,4,4,44,52,44,33,23,3
867,26,34,40,31,19,50,62,28,10,38,29,33,2
868,17,8,75,48,6,46,9,51,40,36,30,34,1
869,24,26,50,41,44,15,64,26,9,35,10,54,4
870,10,42,49,54,43,3,32,33,35,6,57,37,1
871,40,42,18,1,87,12,56,34,10,30,33,37,4
872,15,41,44,58,28,14,4,33,63,40,11,50,3
873,29,4,67,38,35,27,18,33,48,52,4,43,1
874,54,45,1,43,48,9,43,2,54,64,4,32,3
875,33,58,9,46,38,16,38,30,32,21,65,14,3
876,12,49,39,2,57,41,50,36,14,68,4,28,2
877,37,60,3,47,3,50,23,8,69,23,44,32,3
878,11,42,48,70,26,3,16,78,6,35,61,4,1
879,35,25,40,36,26,38,11,30,59,5,11,84,4
880,19,42,39,56,27,17,53,6,41,36,48,17,3
881,28,34,38,49,24,27,43,38,19,10,57,33,1
882,4,51,45,40,15,45,24,35,41,9,63,28,1
883,41,34,25,41,51,7,33,40,27,7,49,43,4
884,29,19,52,18,44,38,39,39,22,35,40,26,1
885,17,14,69,14,34,52,25,4,72,28,8,64,3
886,24,6,70,9,25,66,54,42,5,60,17,23,1
887,21,44,34,23,37,40,50,28,22,13,66,21,2
888,32,33,35,58,5,37,36,22,42,14,60,26,3
889,82,14,5,6,44,50,44,15,41,9,39,52,4
890,43,41,16,31,17,52,59,20,20,35,10,55,4
891,28,61,11,36,49,15,26,14,60,50,49,1,3
892,35,43,22,13,31,55,55,13,31,40,1,60,4
893,34,57,9,22,23,54,42,31,27,17,16,67,4
894,41,45,14,32,14,55,35,29,36,17,56,27,2
895,15,9,76,9,12,79,45,44,11,35,16,49,2
896,2,74,24,16,39,45,23,39,38,40,47,13,2
897,56,32,12,64,24,12,8,70,23,15,9,76,4
898,35,59,6,26,42,32,21,31,48,15,40,45,3
899,16,42,42,36,32,32,33,47,20,10,17,74,4
900,16,42,41,20,7,73,10,19,71,52,32,16,2
901,12,46,42,12,45,44,25,9,67,23,19,58,3
902,11,52,37,4,67,29,38,33,30,49,22,30,1
903,19,55,26,49,41,10,62,21,18,37,5,59,4
904,46,8,47,49,21,30,47,18,35,39,21,40,1
905,8,74,18,26,29,46,26,66,8,36,41,23,2
906,60,32,8,36,45,19,15,21,64,1,76,23,3
907,37,28,35,28,24,48,35,36,29,27,37,36,2
908,22,67,11,49,28,23,60,16,24,31,28,41,4
909,58,33,9,8,33,60,45,32,22,24,54,22,2
910,41,33,25,31,13,56,66,31,3,41,36,23,2
911,11,75,14,39,33,28,17,22,61,54,37,9,3
912,21,46,32,61,21,18,50,38,12,24,30,47,4
913,2,44,54,64,14,22,44,31,25,40,17,43,1
914,70,27,4,36,60,4,35,1,64,25,41,34,3
915,23,46,31,39,24,36,40,7,53,48,5,47,3
916,35,42,23,56,27,17,20,31,48,11,40,49,4
917,16,42,42,83,15,2,37,28,35,30,46,24,1
918,32,11,58,41,21,38,37,17,46,20,40,40,1
919,46,29,25,7,53,40,19,35,46,7,55,38,3
920,68,21,11,56,32,12,49,6,44,21,42,37,3
921,21,10,69,57,35,8,40,11,49,61,30,9,1
922,11,1,89,18,42,41,61,29,10,17,69,14,1
923,41,27,32,44,15,41,42,33,26,41,15,44,4
924,13,21,66,15,73,12,39,43,18,10,23,67,4
925,27,54,19,39,51,10,68,12,20,25,13,62,4
926,40,4,55,38,48,15,38,27,35,36,19,45,1
927,7,40,53,29,55,15,38,55,7,21,13,66,4
928,25,43,32,30,35,35,32,43,25,48,10,41,4
929,12,23,65,38,51,11,45,15,40,28,2,70,4
930,1,14,84,41,23,36,3,31,66,36,64,1,1
931,49,1,50,7,20,73,13,57,30,56,5,39,2
932,36,29,35,16,30,54,35,35,31,16,25,59,4
933,29,58,13,66,1,33,38,32,30,36,24,40,4
934,46,11,42,43,22,35,42,20,38,2,12,87,4
935,27,39,35,2,44,54,13,28,59,47,44,9,3
936,17,37,46,14,41,45,10,77,13,13,21,66,4
937,49,1,50,28,50,22,22,40,38,14,37,49,1
938,0,20,79,14,81,5,34,58,8,39,36,25,1
939,18,5,77,2,56,41,13,47,41,54,17,29,1
940,13,72,14,7,22,71,41,33,26,38,8,54,2
941,35,40,26,47,30,23,56,12,31,14,2,84,4
942,40,42,19,30,31,40,24,25,51,37,30,33,3
943,24,67,9,31,36,33,33,53,14,28,40,32,2
944,39,49,12,4,12,84,18,21,61,88,3,8,2
945,39,33,29,17,61,22,34,27,39,65,11,23,3
946,65,0,34,49,28,24,36,27,37,31,57,13,3
947,68,9,23,44,45,11,42,56,3,3,57,40,4
948,18,36,46,16,72,13,19,48,33,7,62,32,1
949,14,52,35,31,30,39,31,37,32,57,0,43,4
950,3,29,68,29,35,36,33,33,35,1,98,1,1
951,19,46,35,55,18,28,27,6,67,16,50,34,3
952,41,51,8,45,45,10,5,26,69,25,50,25,3
953,17,52,31,57,40,3,59,23,18,47,16,37,4
954,23,45,32,49,22,29,42,19,39,26,63,11,3
955,41,51,8,60,29,12,38,13,49,48,37,15,3
956,43,31,26,30,39,31,16,78,7,44,28,28,2
957,43,46,11,5,68,27,27,16,57,47,19,33,3
958,41,4,55,50,46,3,62,35,4,64,33,3,1
959,49,38,13,32,14,54,51,37,12,43,1,56,4
960,59,18,23,12,42,46,38,45,17,38,25,37,2
961,48,13,38,47,25,28,30,34,36,8,42,50,4
962,10,83,6,39,51,10,36,55,9,30,44,25,4
963,36,48,16,4,17,79,32,33,35,28,7,66,2
964,41,19,40,45,9,45,18,28,53,40,28,32,3
965,45,43,12,12,62,26,10,38,52,42,10,48,3
966,22,75,3,43,56,1,35,27,38,49,7,44,4
967,9,64,26,17,19,64,46,3,52,51,10,40,2
968,23,27,50,52,31,17,21,71,8,42,15,43,1
969,31,50,19,26,37,37,24,42,33,40,9,52,4
970,0,95,4,10,37,53,45,54,2,36,39,26,2
971,35,19,46,35,28,37,35,57,8,49,30,20,1
972,34,44,23,40,37,22,27,34,39,67,32,1,3
973,22,43,35,83,1,16,20,44,36,37,28,34,3
974,26,40,33,33,22,45,42,41,17,27,44,29,2
975,33,19,48,56,41,2,58,22,20,72,16,13,1
976,38,30,32,21,56,23,31,36,33,4,54,42,4
977,5,45,50,49,32,19,28,36,36,35,25,40,1
978,24,43,33,58,15,27,13,79,8,25,40,35,4
979,49,13,38,29,15,55,43,6,51,29,45,26,2
980,23,33,43,58,34,8,37,45,18,30,34,36,1
981,16,43,41,45,41,14,30,26,45,44,40,16,3
982,41,19,41,35,2,63,30,47,23,51,27,23,2
983,28,31,40,35,0,65,39,23,38,0,0,100,4
984,51,32,16,37,31,33,57,42,1,32,22,46,4
985,48,28,23,40,45,15,33,19,48,21,43,35,3
986,53,17,30,35,40,25,35,28,38,14,24,62,4
987,38,61,1,48,32,20,35,32,33,44,20,36,4
988,39,8,53,17,28,55,45,28,27,54,28,18,2
989,13,51,36,12,26,62,33,35,32,8,89,4,2
990,37,36,27,33,65,2,28,44,28,48,48,4,3
991,63,27,10,82,4,14,42,40,17,41,44,15,3
992,8,10,82,43,32,24,8,67,25,51,48,1,1
993,80,8,12,14,15,71,27,60,13,38,25,37,2
994,37,45,18,40,36,23,23,23,54,67,25,7,3
995,41,47,12,53,15,32,29,36,35,15,84,1,3
996,18,48,34,53,11,36,19,23,58,54,43,3,3
997,6,67,27,58,41,1,24,38,38,43,40,17,3
998,26,22,51,17,42,41,16,50,34,46,9,45,1
999,55,30,15,16,48,36,33,43,24,54,34,12,2
